--
-- Dumping data for table `evp_evopix`
--

INSERT INTO `evp_evopix` (`evo_id`, `name`, `parent1`, `parent2`, `evp`, `zeroed_evp`, `hype_score`, `health`, `birthday`) VALUES
(1, 'Bob', 0, 0, 'e1:10.0914;5.4518;530.6303;372.634\r\np1r:t1~539.6022,163.7738;530.6303,213.2494;520.5375,264.3449;t2~481.1598,308.6276;426.2624,336.9577;373.3211,364.2784;t3~305.7675,377.7083;235.602,370.8731;178.085,365.27;t4~127.5349,346.8993;88.9514,320.4029;31.6589,281.0587;t5~0.7516,223.7982;12.5989,163.8201;23.2228,110.0354;t6~66.0823,64.9255;125.5711,36.78;177.0971,12.4018;t7~241.0986,0.7506;307.4347,7.2128;378.995,14.1839;t8~439.7916,40.8799;480.1621,78.433;519.848,115.3493;:r,0.8,0.5,0.5,0.5,0.005:l,0.0,0.5,0.01,0.5:o1~d4f1ff,1.0,0.0;o2~d4e5f5,1.0,1.0;:s000000,0.648,1.0\r\np2l:t9~197.4678,97.5202;195.7995,104.5222;193.9795,111.5348;t10~187.0832,117.6603;177.4099,121.708;167.3044,125.9366;t11~154.1287,128.0561;140.422,127.0398;128.5201,126.1574;t12~118.2075,123.0582;110.7416,118.6308;101.3792,113.0788;t13~96.4935,105.4381;98.5638,97.4608;100.4962,90.0154;t14~108.1099,83.7337;118.7398,79.6931;128.5814,75.9521;t15~141.0082,74.1322;153.9052,75.0884;167.4605,76.0934;t16~178.9581,79.9682;186.5341,85.4107;193.8451,90.6629;:r,0.5,0.5,0.5,0.5,0.01:l,0.0,0.5,0.01,0.5:o3~f9f9f9,1.0,1.0;:s050000,0.648,1.0\r\np3l:t17~146.8022,102.1085;145.2793,108.5475;143.6111,115.023;t18~132.4808,119.615;120.4549,118.7167;108.429,117.8185;t19~100.0227,111.834;101.6909,105.3585;103.3591,98.883;t20~114.4732,94.3565;126.4991,95.2548;138.4395,96.1466;:r,0.5,0.5,0.5,0.5,0.01:l,0.0,0.5,0.01,0.5:o4~112200,1.0,1.0;:s000000,0.648,1.0\r\np4x:t21~28.7306,254.1811;50.3145,257.1041;50.3145,257.1041;t22~70.8996,259.8686;89.7323,261.6951;113.2159,263.9726;t23~133.9746,264.7915;150.5474,262.6406;183.0265,258.4252;t24~230.2322,246.2561;241.91,238.954;247.4935,235.4627;t25~261.4212,228.5057;268.9665,215.2596;274.1602,206.1417;t26~276.3298,194.044;270.6724,178.0456;270.6724,178.0456;:s000000,2.0,1.0\r\np5x:t27~235.1424,178.0456;246.0286,180.9712;246.0286,180.9712;t28~257.4379,180.9004;267.403,178.5115;275.0897,176.6688;t29~281.9171,173.4469;286.9822,169.1571;292.2475,164.6978;t30~295.6084,159.0845;296.0509,152.6671;296.0509,152.6671;:s000000,1.0,1.0\r\n', 0, 1, '2014-08-27 04:00:00'),
(2, 'Sue', 0, 0, 'e1:10.0914;5.4518;530.6303;372.634\r\np1r:t1~539.6022,163.7738;530.6303,213.2494;520.5375,264.3449;t2~481.1598,308.6276;426.2624,336.9577;373.3211,364.2784;t3~305.7675,377.7083;235.602,370.8731;178.085,365.27;t4~127.5349,346.8993;88.9514,320.4029;31.6589,281.0587;t5~0.7516,223.7982;12.5989,163.8201;23.2228,110.0354;t6~66.0823,64.9255;125.5711,36.78;177.0971,12.4018;t7~241.0986,0.7506;307.4347,7.2128;378.995,14.1839;t8~439.7916,40.8799;480.1621,78.433;519.848,115.3493;:r,0.8,0.5,0.5,0.5,0.005:l,0.0,0.5,0.01,0.5:o1~d4f1ff,1.0,0.0;o2~d4e5f5,1.0,1.0;:s000000,0.648,1.0\r\np2l:t9~197.4678,97.5202;195.7995,104.5222;193.9795,111.5348;t10~187.0832,117.6603;177.4099,121.708;167.3044,125.9366;t11~154.1287,128.0561;140.422,127.0398;128.5201,126.1574;t12~118.2075,123.0582;110.7416,118.6308;101.3792,113.0788;t13~96.4935,105.4381;98.5638,97.4608;100.4962,90.0154;t14~108.1099,83.7337;118.7398,79.6931;128.5814,75.9521;t15~141.0082,74.1322;153.9052,75.0884;167.4605,76.0934;t16~178.9581,79.9682;186.5341,85.4107;193.8451,90.6629;:r,0.5,0.5,0.5,0.5,0.01:l,0.0,0.5,0.01,0.5:o3~f9f9f9,1.0,1.0;:s050000,0.648,1.0\r\np3l:t17~146.8022,102.1085;145.2793,108.5475;143.6111,115.023;t18~132.4808,119.615;120.4549,118.7167;108.429,117.8185;t19~100.0227,111.834;101.6909,105.3585;103.3591,98.883;t20~114.4732,94.3565;126.4991,95.2548;138.4395,96.1466;:r,0.5,0.5,0.5,0.5,0.01:l,0.0,0.5,0.01,0.5:o4~112200,1.0,1.0;:s000000,0.648,1.0\r\np4x:t21~28.7306,254.1811;50.3145,257.1041;50.3145,257.1041;t22~70.8996,259.8686;89.7323,261.6951;113.2159,263.9726;t23~133.9746,264.7915;150.5474,262.6406;183.0265,258.4252;t24~230.2322,246.2561;241.91,238.954;247.4935,235.4627;t25~261.4212,228.5057;268.9665,215.2596;274.1602,206.1417;t26~276.3298,194.044;270.6724,178.0456;270.6724,178.0456;:s000000,2.0,1.0\r\np5x:t27~235.1424,178.0456;246.0286,180.9712;246.0286,180.9712;t28~257.4379,180.9004;267.403,178.5115;275.0897,176.6688;t29~281.9171,173.4469;286.9822,169.1571;292.2475,164.6978;t30~295.6084,159.0845;296.0509,152.6671;296.0509,152.6671;:s000000,1.0,1.0\r\n', 0, 1, '2014-08-27 04:00:00');

-- --------------------------------------------------------

--
-- Dumping data for table `evp_paths`
--

INSERT INTO `evp_paths` (`path_id`, `parent_path`, `parent_evopic_id`, `birthday`) VALUES
(1, 0, 1, '2014-09-19 01:24:49'),
(2, 0, 1, '2014-09-19 01:24:49'),
(3, 0, 1, '2014-09-19 01:24:49'),
(4, 0, 1, '2014-09-19 01:24:49'),
(5, 0, 1, '2014-09-19 01:24:49');

-- --------------------------------------------------------

--
-- Dumping data for table `evp_points`
--

INSERT INTO `evp_points` (`point_id`, `parent_point`, `parent_path_id`, `parent_evopic_id`, `birthday`) VALUES
(1, 0, 1, 1, '2014-09-19 01:27:53'),
(2, 0, 1, 1, '2014-09-19 01:27:53'),
(3, 0, 1, 1, '2014-09-19 01:27:53'),
(4, 0, 1, 1, '2014-09-19 01:27:53'),
(5, 0, 1, 1, '2014-09-19 01:27:53'),
(6, 0, 1, 1, '2014-09-19 01:27:53'),
(7, 0, 1, 1, '2014-09-19 01:27:53'),
(8, 0, 1, 1, '2014-09-19 01:27:53'),
(9, 0, 2, 1, '2014-09-19 01:29:28'),
(10, 0, 2, 1, '2014-09-19 01:29:28'),
(11, 0, 2, 1, '2014-09-19 01:29:28'),
(12, 0, 2, 1, '2014-09-19 01:29:28'),
(13, 0, 2, 1, '2014-09-19 01:29:28'),
(14, 0, 2, 1, '2014-09-19 01:29:28'),
(15, 0, 2, 1, '2014-09-19 01:29:28'),
(16, 0, 2, 1, '2014-09-19 01:29:28'),
(17, 0, 3, 1, '2014-09-19 01:30:29'),
(18, 0, 3, 1, '2014-09-19 01:30:29'),
(19, 0, 3, 1, '2014-09-19 01:30:29'),
(20, 0, 3, 1, '2014-09-19 01:30:29'),
(21, 0, 4, 1, '2014-09-19 01:32:10'),
(22, 0, 4, 1, '2014-09-19 01:32:10'),
(23, 0, 4, 1, '2014-09-19 01:32:10'),
(24, 0, 4, 1, '2014-09-19 01:32:10'),
(25, 0, 4, 1, '2014-09-19 01:32:10'),
(26, 0, 4, 1, '2014-09-19 01:32:10'),
(27, 0, 5, 1, '2014-09-19 01:33:08'),
(28, 0, 5, 1, '2014-09-19 01:33:08'),
(29, 0, 5, 1, '2014-09-19 01:33:08'),
(30, 0, 5, 1, '2014-09-19 01:33:08');

-- --------------------------------------------------------

--
-- Dumping data for table `evp_stops`
--

INSERT INTO `evp_stops` (`stop_id`, `parent_stop`, `parent_path_id`, `parent_evopic_id`, `birthday`) VALUES
(1, 0, 1, 1, '2014-09-19 01:35:38'),
(2, 0, 1, 1, '2014-09-19 01:35:38'),
(3, 0, 2, 1, '2014-09-19 01:35:38'),
(4, 0, 3, 1, '2014-09-19 01:35:38');

-- --------------------------------------------------------

--
-- Dumping data for table `world_fencetypes`
--

INSERT INTO `world_fencetypes` (`fence_id`, `name`, `description`) VALUES
(1, 'none', 'No fence at all'),
(2, 'basic', 'Just your standard, run-of-the-mill, wooden fence. Gets the job done.');

-- --------------------------------------------------------

--
-- Dumping data for table `world_landtypes`
--

INSERT INTO `world_landtypes` (`type_id`, `type`, `base_color`) VALUES
(1, 'basic', 'FFFFFF'),
(2, 'grass', '00CC03');

-- --------------------------------------------------------

--
-- Dumping data for table `world_landunit`
--

INSERT INTO `world_landunit` (`land_id`, `x`, `y`, `b_fence_id`, `evopic_id`, `l_fence_id`, `r_fence_id`, `t_fence_id`, `type_id`) VALUES
(1, 1, 1, NULL, 1, NULL, NULL, NULL, 1),
(2, 1, 2, NULL, 1, NULL, NULL, NULL, 1),
(3, 1, 3, NULL, NULL, NULL, NULL, NULL, 1),
(4, 1, 4, NULL, NULL, NULL, NULL, NULL, 1),
(5, 1, 5, NULL, NULL, NULL, NULL, NULL, 1),
(6, 1, 6, NULL, NULL, NULL, NULL, NULL, 1),
(7, 1, 7, NULL, NULL, NULL, NULL, NULL, 1),
(8, 1, 8, NULL, NULL, NULL, NULL, NULL, 1),
(9, 1, 9, NULL, NULL, NULL, NULL, NULL, 1),
(10, 1, 10, NULL, NULL, NULL, NULL, NULL, 1),
(11, 2, 1, NULL, 1, NULL, NULL, NULL, 1),
(12, 2, 2, NULL, 1, NULL, NULL, NULL, 1),
(13, 2, 3, NULL, NULL, NULL, NULL, NULL, 1),
(14, 2, 4, NULL, NULL, NULL, NULL, NULL, 1),
(15, 2, 5, NULL, NULL, NULL, NULL, NULL, 1),
(16, 2, 6, NULL, NULL, NULL, NULL, NULL, 1),
(17, 2, 7, NULL, NULL, NULL, NULL, NULL, 1),
(18, 2, 8, NULL, NULL, NULL, NULL, NULL, 1),
(19, 2, 9, NULL, NULL, NULL, NULL, NULL, 1),
(20, 2, 10, NULL, NULL, NULL, NULL, NULL, 1),
(21, 3, 1, NULL, NULL, NULL, NULL, NULL, 1),
(22, 3, 2, NULL, NULL, NULL, NULL, NULL, 1),
(23, 3, 3, NULL, NULL, NULL, NULL, NULL, 1),
(24, 3, 4, NULL, NULL, NULL, NULL, NULL, 1),
(25, 3, 5, NULL, NULL, NULL, NULL, NULL, 1),
(26, 3, 6, NULL, NULL, NULL, NULL, NULL, 1),
(27, 3, 7, NULL, NULL, NULL, NULL, NULL, 1),
(28, 3, 8, NULL, NULL, NULL, NULL, NULL, 1),
(29, 3, 9, NULL, NULL, NULL, NULL, NULL, 1),
(30, 3, 10, NULL, NULL, NULL, NULL, NULL, 1),
(31, 4, 1, NULL, NULL, NULL, NULL, NULL, 1),
(32, 4, 2, NULL, NULL, NULL, NULL, NULL, 1),
(33, 4, 3, NULL, NULL, NULL, NULL, NULL, 1),
(34, 4, 4, NULL, NULL, NULL, NULL, NULL, 1),
(35, 4, 5, NULL, 2, NULL, NULL, NULL, 1),
(36, 4, 6, NULL, 2, NULL, NULL, NULL, 1),
(37, 4, 7, NULL, NULL, NULL, NULL, NULL, 1),
(38, 4, 8, NULL, NULL, NULL, NULL, NULL, 1),
(39, 4, 9, NULL, NULL, NULL, NULL, NULL, 1),
(40, 4, 10, NULL, NULL, NULL, NULL, NULL, 1),
(41, 5, 1, NULL, NULL, NULL, NULL, NULL, 1),
(42, 5, 2, NULL, NULL, NULL, NULL, NULL, 1),
(43, 5, 3, NULL, NULL, NULL, NULL, NULL, 1),
(44, 5, 4, NULL, NULL, NULL, NULL, NULL, 1),
(45, 5, 5, NULL, 2, NULL, NULL, NULL, 1),
(46, 5, 6, NULL, 2, NULL, NULL, NULL, 1),
(47, 5, 7, NULL, NULL, NULL, NULL, NULL, 1),
(48, 5, 8, NULL, NULL, NULL, NULL, NULL, 1),
(49, 5, 9, NULL, NULL, NULL, NULL, NULL, 1),
(50, 5, 10, NULL, NULL, NULL, NULL, NULL, 1),
(51, 6, 1, NULL, NULL, NULL, NULL, NULL, 1),
(52, 6, 2, NULL, NULL, NULL, NULL, NULL, 1),
(53, 6, 3, NULL, NULL, NULL, NULL, NULL, 1),
(54, 6, 4, NULL, NULL, NULL, NULL, NULL, 1),
(55, 6, 5, NULL, NULL, NULL, NULL, NULL, 1),
(56, 6, 6, NULL, NULL, NULL, NULL, NULL, 1),
(57, 6, 7, NULL, NULL, NULL, NULL, NULL, 1),
(58, 6, 8, NULL, NULL, NULL, NULL, NULL, 1),
(59, 6, 9, NULL, NULL, NULL, NULL, NULL, 1),
(60, 6, 10, NULL, NULL, NULL, NULL, NULL, 1),
(61, 7, 1, NULL, NULL, NULL, NULL, NULL, 1),
(62, 7, 2, NULL, NULL, NULL, NULL, NULL, 1),
(63, 7, 3, NULL, NULL, NULL, NULL, NULL, 1),
(64, 7, 4, NULL, NULL, NULL, NULL, NULL, 1),
(65, 7, 5, NULL, NULL, NULL, NULL, NULL, 1),
(66, 7, 6, NULL, NULL, NULL, NULL, NULL, 1),
(67, 7, 7, NULL, NULL, NULL, NULL, NULL, 1),
(68, 7, 8, NULL, NULL, NULL, NULL, NULL, 1),
(69, 7, 9, NULL, NULL, NULL, NULL, NULL, 1),
(70, 7, 10, NULL, NULL, NULL, NULL, NULL, 1),
(71, 8, 1, NULL, NULL, NULL, NULL, NULL, 1),
(72, 8, 2, NULL, NULL, NULL, NULL, NULL, 1),
(73, 8, 3, NULL, NULL, NULL, NULL, NULL, 1),
(74, 8, 4, NULL, NULL, NULL, NULL, NULL, 1),
(75, 8, 5, NULL, NULL, NULL, NULL, NULL, 1),
(76, 8, 6, NULL, NULL, NULL, NULL, NULL, 1),
(77, 8, 7, NULL, NULL, NULL, NULL, NULL, 1),
(78, 8, 8, NULL, NULL, NULL, NULL, NULL, 1),
(79, 8, 9, NULL, NULL, NULL, NULL, NULL, 1),
(80, 8, 10, NULL, NULL, NULL, NULL, NULL, 1),
(81, 9, 1, NULL, NULL, NULL, NULL, NULL, 1),
(82, 9, 2, NULL, NULL, NULL, NULL, NULL, 1),
(83, 9, 3, NULL, NULL, NULL, NULL, NULL, 1),
(84, 9, 4, NULL, NULL, NULL, NULL, NULL, 1),
(85, 9, 5, NULL, NULL, NULL, NULL, NULL, 1),
(86, 9, 6, NULL, NULL, NULL, NULL, NULL, 1),
(87, 9, 7, NULL, NULL, NULL, NULL, NULL, 1),
(88, 9, 8, NULL, NULL, NULL, NULL, NULL, 1),
(89, 9, 9, NULL, NULL, NULL, NULL, NULL, 1),
(90, 9, 10, NULL, NULL, NULL, NULL, NULL, 1),
(91, 10, 1, NULL, NULL, NULL, NULL, NULL, 1),
(92, 10, 2, NULL, NULL, NULL, NULL, NULL, 1),
(93, 10, 3, NULL, NULL, NULL, NULL, NULL, 1),
(94, 10, 4, NULL, NULL, NULL, NULL, NULL, 1),
(95, 10, 5, NULL, NULL, NULL, NULL, NULL, 1),
(96, 10, 6, NULL, NULL, NULL, NULL, NULL, 1),
(97, 10, 7, NULL, NULL, NULL, NULL, NULL, 1),
(98, 10, 8, NULL, NULL, NULL, NULL, NULL, 1),
(99, 10, 9, NULL, NULL, NULL, NULL, NULL, 1),
(100, 10, 10, NULL, NULL, NULL, NULL, NULL, 1);

-- --------------------------------------------------------
