--
-- Dumping data for table `evp_evopix`
--

INSERT INTO `evp_evopix` (`evo_id`, `name`, `parent1`, `parent2`, `evp`, `hype_score`, `health`, `birthday`) VALUES
(1, 'Bob', 0, 0, 'e1:10.0914;5.4518;530.6303;372.634\r\np1r:t1~539.6022,163.7738;530.6303,213.2494;520.5375,264.3449;t2~481.1598,308.6276;426.2624,336.9577;373.3211,364.2784;t3~305.7675,377.7083;235.602,370.8731;178.085,365.27;t4~127.5349,346.8993;88.9514,320.4029;31.6589,281.0587;t5~0.7516,223.7982;12.5989,163.8201;23.2228,110.0354;t6~66.0823,64.9255;125.5711,36.78;177.0971,12.4018;t7~241.0986,0.7506;307.4347,7.2128;378.995,14.1839;t8~439.7916,40.8799;480.1621,78.433;519.848,115.3493;:r,0.8,0.5,0.5,0.5,0.005:l,0.0,0.5,0.01,0.5:o1~d4f1ff,1.0,0.0;o2~d4e5f5,1.0,1.0;:s000000,0.648,1.0\r\np2l:t9~197.4678,97.5202;195.7995,104.5222;193.9795,111.5348;t10~187.0832,117.6603;177.4099,121.708;167.3044,125.9366;t11~154.1287,128.0561;140.422,127.0398;128.5201,126.1574;t12~118.2075,123.0582;110.7416,118.6308;101.3792,113.0788;t13~96.4935,105.4381;98.5638,97.4608;100.4962,90.0154;t14~108.1099,83.7337;118.7398,79.6931;128.5814,75.9521;t15~141.0082,74.1322;153.9052,75.0884;167.4605,76.0934;t16~178.9581,79.9682;186.5341,85.4107;193.8451,90.6629;:r,0.5,0.5,0.5,0.5,0.01:l,0.0,0.5,0.01,0.5:o3~f9f9f9,1.0,1.0;:s050000,0.648,1.0\r\np3l:t17~146.8022,102.1085;145.2793,108.5475;143.6111,115.023;t18~132.4808,119.615;120.4549,118.7167;108.429,117.8185;t19~100.0227,111.834;101.6909,105.3585;103.3591,98.883;t20~114.4732,94.3565;126.4991,95.2548;138.4395,96.1466;:r,0.5,0.5,0.5,0.5,0.01:l,0.0,0.5,0.01,0.5:o4~112200,1.0,1.0;:s000000,0.648,1.0\r\np4x:t21~28.7306,254.1811;50.3145,257.1041;50.3145,257.1041;t22~70.8996,259.8686;89.7323,261.6951;113.2159,263.9726;t23~133.9746,264.7915;150.5474,262.6406;183.0265,258.4252;t24~230.2322,246.2561;241.91,238.954;247.4935,235.4627;t25~261.4212,228.5057;268.9665,215.2596;274.1602,206.1417;t26~276.3298,194.044;270.6724,178.0456;270.6724,178.0456;:s000000,2.0,1.0\r\np5x:t27~235.1424,178.0456;246.0286,180.9712;246.0286,180.9712;t28~257.4379,180.9004;267.403,178.5115;275.0897,176.6688;t29~281.9171,173.4469;286.9822,169.1571;292.2475,164.6978;t30~295.6084,159.0845;296.0509,152.6671;296.0509,152.6671;:s000000,1.0,1.0\r\n', 0, 1, '2014-08-27 04:00:00'),
(2, 'Sue', 0, 0, 'e1:10.0914;5.4518;530.6303;372.634\r\np1r:t1~539.6022,163.7738;530.6303,213.2494;520.5375,264.3449;t2~481.1598,308.6276;426.2624,336.9577;373.3211,364.2784;t3~305.7675,377.7083;235.602,370.8731;178.085,365.27;t4~127.5349,346.8993;88.9514,320.4029;31.6589,281.0587;t5~0.7516,223.7982;12.5989,163.8201;23.2228,110.0354;t6~66.0823,64.9255;125.5711,36.78;177.0971,12.4018;t7~241.0986,0.7506;307.4347,7.2128;378.995,14.1839;t8~439.7916,40.8799;480.1621,78.433;519.848,115.3493;:r,0.8,0.5,0.5,0.5,0.005:l,0.0,0.5,0.01,0.5:o1~d4f1ff,1.0,0.0;o2~d4e5f5,1.0,1.0;:s000000,0.648,1.0\r\np2l:t9~197.4678,97.5202;195.7995,104.5222;193.9795,111.5348;t10~187.0832,117.6603;177.4099,121.708;167.3044,125.9366;t11~154.1287,128.0561;140.422,127.0398;128.5201,126.1574;t12~118.2075,123.0582;110.7416,118.6308;101.3792,113.0788;t13~96.4935,105.4381;98.5638,97.4608;100.4962,90.0154;t14~108.1099,83.7337;118.7398,79.6931;128.5814,75.9521;t15~141.0082,74.1322;153.9052,75.0884;167.4605,76.0934;t16~178.9581,79.9682;186.5341,85.4107;193.8451,90.6629;:r,0.5,0.5,0.5,0.5,0.01:l,0.0,0.5,0.01,0.5:o3~f9f9f9,1.0,1.0;:s050000,0.648,1.0\r\np3l:t17~146.8022,102.1085;145.2793,108.5475;143.6111,115.023;t18~132.4808,119.615;120.4549,118.7167;108.429,117.8185;t19~100.0227,111.834;101.6909,105.3585;103.3591,98.883;t20~114.4732,94.3565;126.4991,95.2548;138.4395,96.1466;:r,0.5,0.5,0.5,0.5,0.01:l,0.0,0.5,0.01,0.5:o4~112200,1.0,1.0;:s000000,0.648,1.0\r\np4x:t21~28.7306,254.1811;50.3145,257.1041;50.3145,257.1041;t22~70.8996,259.8686;89.7323,261.6951;113.2159,263.9726;t23~133.9746,264.7915;150.5474,262.6406;183.0265,258.4252;t24~230.2322,246.2561;241.91,238.954;247.4935,235.4627;t25~261.4212,228.5057;268.9665,215.2596;274.1602,206.1417;t26~276.3298,194.044;270.6724,178.0456;270.6724,178.0456;:s000000,2.0,1.0\r\np5x:t27~235.1424,178.0456;246.0286,180.9712;246.0286,180.9712;t28~257.4379,180.9004;267.403,178.5115;275.0897,176.6688;t29~281.9171,173.4469;286.9822,169.1571;292.2475,164.6978;t30~295.6084,159.0845;296.0509,152.6671;296.0509,152.6671;:s000000,1.0,1.0\r\n', 0, 1, '2014-08-27 04:00:00');

-- --------------------------------------------------------

--
-- Dumping data for table `evp_paths`
--

INSERT INTO `evp_paths` (`path_id`, `parent_path`, `parent_evopic_id`, `birthday`) VALUES
(1, 0, 1, '2014-09-19 01:24:49'),
(2, 0, 1, '2014-09-19 01:24:49'),
(3, 0, 1, '2014-09-19 01:24:49'),
(4, 0, 1, '2014-09-19 01:24:49'),
(5, 0, 1, '2014-09-19 01:24:49');

-- --------------------------------------------------------

--
-- Dumping data for table `evp_points`
--

INSERT INTO `evp_points` (`point_id`, `parent_point`, `parent_path_id`, `parent_evopic_id`, `birthday`) VALUES
(1, 0, 1, 1, '2014-09-19 01:27:53'),
(2, 0, 1, 1, '2014-09-19 01:27:53'),
(3, 0, 1, 1, '2014-09-19 01:27:53'),
(4, 0, 1, 1, '2014-09-19 01:27:53'),
(5, 0, 1, 1, '2014-09-19 01:27:53'),
(6, 0, 1, 1, '2014-09-19 01:27:53'),
(7, 0, 1, 1, '2014-09-19 01:27:53'),
(8, 0, 1, 1, '2014-09-19 01:27:53'),
(9, 0, 2, 1, '2014-09-19 01:29:28'),
(10, 0, 2, 1, '2014-09-19 01:29:28'),
(11, 0, 2, 1, '2014-09-19 01:29:28'),
(12, 0, 2, 1, '2014-09-19 01:29:28'),
(13, 0, 2, 1, '2014-09-19 01:29:28'),
(14, 0, 2, 1, '2014-09-19 01:29:28'),
(15, 0, 2, 1, '2014-09-19 01:29:28'),
(16, 0, 2, 1, '2014-09-19 01:29:28'),
(17, 0, 3, 1, '2014-09-19 01:30:29'),
(18, 0, 3, 1, '2014-09-19 01:30:29'),
(19, 0, 3, 1, '2014-09-19 01:30:29'),
(20, 0, 3, 1, '2014-09-19 01:30:29'),
(21, 0, 4, 1, '2014-09-19 01:32:10'),
(22, 0, 4, 1, '2014-09-19 01:32:10'),
(23, 0, 4, 1, '2014-09-19 01:32:10'),
(24, 0, 4, 1, '2014-09-19 01:32:10'),
(25, 0, 4, 1, '2014-09-19 01:32:10'),
(26, 0, 4, 1, '2014-09-19 01:32:10'),
(27, 0, 5, 1, '2014-09-19 01:33:08'),
(28, 0, 5, 1, '2014-09-19 01:33:08'),
(29, 0, 5, 1, '2014-09-19 01:33:08'),
(30, 0, 5, 1, '2014-09-19 01:33:08');

-- --------------------------------------------------------

--
-- Dumping data for table `evp_stops`
--

INSERT INTO `evp_stops` (`stop_id`, `parent_stop`, `parent_path_id`, `parent_evopic_id`, `birthday`) VALUES
(1, 0, 1, 1, '2014-09-19 01:35:38'),
(2, 0, 1, 1, '2014-09-19 01:35:38'),
(3, 0, 2, 1, '2014-09-19 01:35:38'),
(4, 0, 3, 1, '2014-09-19 01:35:38');

-- --------------------------------------------------------
--
-- Dumping data for table `the_shop_breedingPellets`
--

INSERT INTO `the_shop_breedingpellets` (`type`, `description`, `path_split`, `point_split`,
`del_point`, `point_move`, `gradient_param`, `stop_split`, `del_stop`, `stop_params`, `stroke_color`, `stroke_width`,
`stroke_opacity`, `base_price`)
VALUES ('Standard', 'Run of the mill breeding pellet. Does not change the breeding params.', '0.0001', '0.003', '0.001',
        '0.02', '0.01', '0.002', '0.001', '0.03', '0.01', '0.01', '0.01', 20);

-- --------------------------------------------------------
--
-- Dumping data for table `the_shop_fencetypes`
--

INSERT INTO `the_shop_fences` (`name`, `description`, `horiz_img_location`, `vert_img_location`, `base_price`)
VALUES ('basic', 'Just your standard, run-of-the-mill, wooden fence. Gets the job done.',
        '/static/img/horiz_fence1.svg', 'static/img/vert_fence1.svg', 20);

-- --------------------------------------------------------

-- --------------------------------------------------------
--
-- Dumping data for table `the_shop_grassseed`
--
INSERT INTO `the_shop_grassseed` (`color`, `svg`, `base_price`) VALUES
('00FF00', '<svg xmlns:svg="http://www.w3.org/2000/svg" xmlns="http://www.w3.org/2000/svg" xmlns:xlink="http://www.w3.org/1999/xlink" version="1.0" width="100" height="400"><g transform="translate(0,-652.36215)"><path d="m 76.052589,1051.4297 c 0,0 22.332208,-102.70068 20.615248,-219.53111 C 94.950875,715.06812 51.91764,654.06143 51.91764,654.06143 c 0,0 -42.8184938,61.05011 -44.5354554,177.88057 -1.7169604,116.83049 20.6152474,219.5311 20.6152474,219.5311" style="fill:#00ff00;stroke:#000000;stroke-width:1.0814867px;stroke-linecap:butt;stroke-linejoin:miter;stroke-opacity:1" /></g></svg>', 20);

--  --------------------------------------------------------

--
-- Dumping data for table `world_landtypes`
--

INSERT INTO `world_landtypes` (`type_id`, `type`, `base_color`) VALUES
(1, 'basic', 'FFFFFF'),
(2, 'grass', '00CC03'),
(3, 'worlds_end', 'C5C1C9');

-- --------------------------------------------------------

--
-- Populate `world_landunit` table
-- Eventually will want to increase table size to 1000 x 1000
-- NOTE!! Must update max_size in two different places below!!!

delimiter $$
DROP PROCEDURE IF EXISTS `myFunction` $$

CREATE PROCEDURE `myFunction`()
    BEGIN
       DECLARE x INT DEFAULT 1;
       DECLARE y INT DEFAULT 1;
       DECLARE max_size INT DEFAULT 20;  -- This needs to be manually set

       WHILE (x<=max_size) DO
            WHILE (y<=max_size) DO
                INSERT INTO `world_landunit`(`x`, `y`,`type_id`) VALUES (x, y, 1);
                SET y=y+1;
            END WHILE;
            SET y=1;
        SET x=x+1;
        END WHILE;
	UPDATE `world_landunit` SET `evopic_id`=1   WHERE (`x` IN (2, 3)) AND (`y` IN (2, 3));
    UPDATE `world_landunit` SET `evopic_id`=2   WHERE (`x` IN (4, 5)) AND (`y` IN (4, 5));
    UPDATE `world_landunit` SET `b_fence_id`=1  WHERE (`y` = 2  AND `x` >= 2 AND `x` <= (max_size - 1)) OR (`y` = max_size AND `x` >= 2 AND `x` <= (max_size - 1));
    UPDATE `world_landunit` SET `t_fence_id`=1  WHERE (`y` = (max_size - 1) AND `x` >= 2 AND `x` <= (max_size - 1)) OR (`y` = 1  AND `x` >= 2 AND `x` <= (max_size - 1));
    UPDATE `world_landunit` SET `l_fence_id`=1  WHERE (`x` = 2  AND `y` >= 2 AND `y` <= (max_size - 1)) OR (`x` = max_size AND `y` >= 2 AND `y` <= (max_size - 1));
    UPDATE `world_landunit` SET `r_fence_id`=1  WHERE (`x` = (max_size - 1) AND `y` >= 2 AND `y` <= (max_size - 1)) OR (`x` = 1  AND `y` >= 2 AND `y` <= (max_size - 1));
	END$$

delimiter ;
CALL `myFunction`;

delimiter $$
DROP PROCEDURE IF EXISTS `myFunction` $$

CREATE PROCEDURE `myFunction`()
    BEGIN
      DECLARE max_size INT DEFAULT 20;  -- This needs to be manually set

      UPDATE `world_landunit` SET `evopic_id`=1   WHERE (`x` IN (4, 5)) AND (`y` IN (2, 3));
      UPDATE `world_landunit` SET `evopic_id`=2   WHERE (`x` IN (4, 5)) AND (`y` IN (4, 5));
      UPDATE `world_landunit` SET `type_id`=3 WHERE `x`=1 or `y`=1 or `x`=max_size or `y`=max_size;
      UPDATE `world_landunit` SET `user_id`=1, `type_id`=2 WHERE `x`>=2 AND `x`<=12 AND `y`>=2 AND `y`<=12;

      -- TEMP: Testing farm fence --
      UPDATE `world_landunit` SET `b_fence_id`=1  WHERE (`y` = 12 OR `y` = 2) AND `x` >= 2 AND `x` <= 11;
      UPDATE `world_landunit` SET `t_fence_id`=1  WHERE (`y` = 11 OR `y` = 1) AND `x` >= 2 AND `x` <= 11;
      UPDATE `world_landunit` SET `l_fence_id`=1  WHERE (`x` = 12 OR `x` = 2) AND `y` >= 2 AND `y` <= 11;
      UPDATE `world_landunit` SET `r_fence_id`=1  WHERE (`x` = 11 OR `x` = 1) AND `y` >= 2 AND `y` <= 11;
      -- End temp
	END$$

delimiter ;
CALL `myFunction`;


DELETE FROM `mysql`.`proc` WHERE `proc`.`db` = 'evopix' AND `proc`.`name` = 'myFunction' AND `proc`.`type` = 'PROCEDURE';

-- --------------------------------------------------------
--
-- Dumping data for table `world_userinfo`
--

INSERT INTO `world_userinfo`(`user_id`, `farm_midpoint_id`) VALUES (1,127);



/*DROP TABLE world_userinfo;
DROP TABLE world_landunit;
DROP TABLE world_landtypes;
DROP TABLE evp_stops;
DROP TABLE evp_points;
DROP TABLE evp_paths;
DROP TABLE evp_evopix;
DROP TABLE the_shop_breedingpellets;
DROP TABLE the_shop_fences;
DROP TABLE the_shop_grassseed;*/